{
  "project_info": {
    "project_number": "1020820878960",
    "project_id": "fixit-83fcd",
    "storage_bucket": "fixit-83fcd.firebasestorage.app"
  },
  "client": [
    {
      "client_info": {
        "mobilesdk_app_id": "1:1020820878960:android:c71f2e85db3e00e4a0e6b5",
        "android_client_info": {
          "package_name": "uk.ac.tees.mad.fixit"
        }
      },
      "oauth_client": [],
      "api_key": [
        {
          "current_key": "AIzaSyAHeM5xWcqugjVfxVxZPLS8zsQgkBR3B9w"
        }
      ],
      "services": {
        "appinvite_service": {
          "other_platform_oauth_client": []
        }
      }
    }
  ],
  "configuration_version": "1"
}